insert into User (user_id,user_name, pass_word) values(1,'user1','password');
insert into User (user_id,user_name, pass_word) values(2,'user2','password');
insert into User (user_id,user_name, pass_word) values(3,'admin','password');
insert into Product (product_id,product_name,on_sale) values(1,'testProduct1',true);
insert into Product (product_id,product_name,on_sale) values(2,'testProduct2',false);
insert into Product (product_id,product_name,on_sale) values(3,'testProduct3',true);
insert into Product (product_id,product_name,on_sale) values(4,'testProduct4',false);
insert into Product (product_id,product_name,on_sale) values(5,'testProduct5',true);
insert into Product (product_id,product_name,on_sale) values(6,'testProduct6',true);
insert into Product (product_id,product_name,on_sale) values(7,'testProduct7',true);
insert into User_Order(order_id,user_id,product_id,rating) values (1,1,1,4);
insert into User_Order(order_id,user_id,product_id,rating) values (2,1,2,2);
insert into User_Order(order_id,user_id,product_id,rating) values (3,1,3,5);
insert into User_Order(order_id,user_id,product_id,rating) values (4,1,4,1);
insert into User_Order(order_id,user_id,product_id,rating) values (5,1,5,3);
insert into User_Order(order_id,user_id,product_id,rating) values (6,2,3,4);
insert into User_Order(order_id,user_id,product_id,rating) values (7,2,4,2);
insert into User_Order(order_id,user_id,product_id,rating) values (8,2,5,5);
insert into User_Order(order_id,user_id,product_id,rating) values (9,2,6,3);
insert into User_Order(order_id,user_id,product_id,rating) values (10,3,7,5);
insert into User_Order(order_id,user_id,product_id,rating) values (11,3,4,3);
insert into User_Favorite(fav_id,user_id,product_id) values (1,1,1);
insert into User_Favorite(fav_id,user_id,product_id) values (2,1,5);
insert into User_Favorite(fav_id,user_id,product_id) values (3,2,4);
insert into User_Favorite(fav_id,user_id,product_id) values (4,2,1);
insert into User_Favorite(fav_id,user_id,product_id) values (5,3,7);
